{
  "provider": "regex-baseline (no API key set)",
  "files": {
    "STC_23_99C_179_83Wm2": {
      "Isc": 0.975269014170545,
      "Voc": 19.1130106314764,
      "FF": 71.3778467990718,
      "Vmpp": 15.9210908391027,
      "Impp": 0.835687969457695,
      "Pmpp": 13.3050640748812,
      "ETA": 5.21113272555272,
      "Area": 12766.0
    },
    "STC_23_74C_400_42Wm2": {
      "Isc": 2.05573671256307,
      "Voc": 19.9653470604665,
      "FF": 71.6465934866486,
      "Vmpp": 16.0013998715231,
      "Impp": 1.83773092574111,
      "Pmpp": 29.4062673990479,
      "ETA": 5.75870816995298,
      "Area": 12766.0
    },
    "STC_23_6C_625_62Wm2": {
      "Isc": 3.17255057127788,
      "Voc": 20.4242974453073,
      "FF": 70.037200737794,
      "Vmpp": 15.9024414266393,
      "Impp": 2.85378108665984,
      "Pmpp": 45.382086575059,
      "ETA": 5.92486377553123,
      "Area": 12766.0
    },
    "STC_23_58C_841_81Wm2": {
      "Isc": 4.2825647812153,
      "Voc": 20.722979441791,
      "FF": 67.8395668365557,
      "Vmpp": 15.6991774006418,
      "Impp": 3.83497296347711,
      "Pmpp": 60.2059208802919,
      "ETA": 5.89514343571713,
      "Area": 12766.0
    },
    "STC_25_1C_1052_6Wm2": {
      "Isc": 5.2935596045121,
      "Voc": 20.7812588557391,
      "FF": 65.5381592076357,
      "Vmpp": 15.3361112215993,
      "Impp": 4.70109090382527,
      "Pmpp": 72.0964529639132,
      "ETA": 5.64753665705101,
      "Area": 12766.0
    },
    "STC_36_02C_1051_24Wm2_100": {
      "Isc": 5.22329231655953,
      "Voc": 19.8196485255964,
      "FF": 64.3667722075522,
      "Vmpp": 14.3390524379227,
      "Impp": 4.64709507907932,
      "Pmpp": 66.634940022931,
      "ETA": 5.2197195693977,
      "Area": 12766.0
    },
    "STC_30_71C_1057_14Wm2_1cell_shade": {
      "Isc": 5.3332933078806,
      "Voc": 20.2785989104372,
      "FF": 28.7447801590346,
      "Vmpp": 6.61976922226263,
      "Impp": 4.69623213725808,
      "Pmpp": 31.0879729628217,
      "ETA": 2.43521643136626,
      "Area": 12766.0
    },
    "STC_27_95C_1058_35Wm2_2C_PAR_shade": {
      "Isc": 5.34667934928215,
      "Voc": 20.5311430375454,
      "FF": 48.8974959821154,
      "Vmpp": 17.4435968189349,
      "Impp": 3.07714419423792,
      "Pmpp": 53.6764626780124,
      "ETA": 4.20464222763688,
      "Area": 12766.0
    },
    "Lab_28_7C_731_14Wm2": {
      "Isc": 3.69136836075448,
      "Voc": 20.1693250092846,
      "FF": 68.7785038954066,
      "Vmpp": 15.3790340099717,
      "Impp": 3.32967938290713,
      "Pmpp": 51.2072524720302,
      "ETA": 5.73031629462526,
      "Area": 12766.0
    },
    "IV-2_Curve_998__29_01C": {
      "Isc": 5.02011707356597,
      "Voc": 20.5080741028576,
      "FF": 66.6615717629055,
      "Vmpp": 15.1622637297922,
      "Impp": 4.52637182041872,
      "Pmpp": 68.630043280288,
      "ETA": 11.8520102736276,
      "Area": 6095.35
    },
    "IV-4_Curve_516__32_82C": {
      "Isc": 2.57832294906908,
      "Voc": 19.4954692855104,
      "FF": 70.4741051562587,
      "Vmpp": 15.1883874770941,
      "Impp": 2.33232415443979,
      "Pmpp": 35.4242429798175,
      "ETA": 11.6233663300114,
      "Area": 6095.35
    }
  }
}